{
    "ST": 550.4128684997559,
    "MT_23": 31.126290798187256,
    "MT_48": 30.168838024139404,
    "GPU": 19.93999457359314
}