{
    "static": 0.42051029205322266,
    "dynamic": 0.363417387008667,
    "guided": 0.4422454833984375
}