{
    "static": 0.423891544342041,
    "dynamic": 0.36779356002807617,
    "guided": 0.44017934799194336
}